{
    "loss": 0.7191151976585388,
    "accuracy": 0.9137930870056152
}