{
    "loss": 2.0989668369293213,
    "accuracy": 0.818965494632721
}